RA_ICRS,DE_ICRS,Gmag
10.90392869135,38.29375593368,14.376431
11.46854542256,38.32915199361,13.938875
11.46723020205,38.34351211437,13.335692
11.55539605152,38.34804349493,11.818904
11.35468696928,38.30562971773,14.981504
11.29830260683,38.30785785493,15.908844
11.29369197426,38.3368457463,15.226126
11.34773466739,38.31727885062,15.573953
11.34420017033,38.3302851896,15.883542
11.33043242242,38.33723590551,15.022643
11.35469571273,38.33406905558,15.446273
11.36705513211,38.34485039682,14.670667
11.35740213101,38.36499608662,15.585079
11.31316963026,38.33344041703,15.71914
11.3031275916,38.35016439546,12.561077
11.32318218296,38.37063444745,13.355735
11.42864364231,38.34590469923,15.84746
11.40586663245,38.3573020074,15.25823
11.44060397896,38.36758669093,13.296932
11.50330244342,38.38843047531,15.518282
11.48340987054,38.39867151768,13.499789
11.49064659798,38.41324746793,15.594557
11.442046425,38.39385874465,12.418886
11.44014614681,38.39818393902,15.577191
11.45186672246,38.40185729152,15.407823
11.45356819562,38.41219631456,15.550882
11.3903328033,38.40406380851,14.183888
11.43230593723,38.48200026889,15.770223
11.08488886976,38.27834994981,15.267346
11.22837889006,38.31466582923,13.860574
11.17979173496,38.29187183878,15.471664
11.12273600979,38.28264459841,15.528476
11.07979985367,38.30240554951,14.835282
11.11718936938,38.30763775224,15.885019
11.12132858657,38.32124622902,15.531291
11.18569751528,38.32807385711,15.618809
11.18745933231,38.36409685372,15.716157
11.16848078224,38.36276405731,14.999359
11.16950756807,38.36761783409,15.203866
11.15673452117,38.38051989954,14.26078
10.96723455794,38.29100698903,14.619822
10.90741755178,38.29320212595,10.218764
11.0206156156,38.35055405457,15.245276
11.0989715737,38.32860385122,14.727878
11.09593063281,38.33860476687,15.945904
11.1249077918,38.3821869508,15.833106
11.14319180336,38.3952489664,15.882134
11.10144821725,38.41090495047,13.722906
11.09553973359,38.4189353973,13.182615
11.1105744984,38.40988464924,15.603539
11.02804318639,38.36319349825,15.097779
11.04310139695,38.36554024354,14.15287
11.06630385424,38.40265270896,13.31466
11.09075982186,38.45606962019,15.4787
11.05069299829,38.43473904854,9.96448
11.07505045354,38.45972330373,13.912522
11.23513204752,38.32109482411,13.399385
11.2208438894,38.3343577308,15.031949
11.25167411615,38.35959377411,15.95802
11.32072258363,38.39206287057,13.007566
11.28262016222,38.40411068263,15.698497
11.2693826276,38.40697308045,15.589371
11.3080900321,38.42420594732,15.868111
11.19519929718,38.36933478011,15.091002
11.21171239646,38.38085175113,9.313817
11.25379860433,38.41693514673,15.6295
11.24943641468,38.43570223198,11.952544
11.2767294141,38.42515055073,15.994319
11.26474232708,38.45935729628,13.633992
11.21927412565,38.4576964573,14.772059
11.25754788336,38.45237789534,14.870336
11.25292204499,38.48235306983,14.528646
11.31725254274,38.43382628939,13.651504
11.39735260726,38.46121574419,13.780312
11.38872185421,38.46459014826,13.193349
11.4207581557,38.49479741942,15.345893
11.40673276592,38.4993029729,15.941508
11.3656207074,38.50584821286,15.590173
11.38388150555,38.51487554292,15.98456
11.37644553305,38.52212925805,15.222198
11.29577753129,38.48242709662,15.569922
11.30517302632,38.49892559825,14.216766
11.28946540539,38.5088254764,14.913353
11.29217685482,38.51562351727,15.857734
11.33626535671,38.5199052523,14.468251
11.33754194146,38.53334807607,14.695833
11.3578125033,38.53904262406,15.949205
11.31415269312,38.54751752823,14.971305
11.34506504756,38.569489102,14.408811
11.33127270874,38.55728808393,14.231344
11.14914069041,38.41418261935,15.460761
11.15427983503,38.4297908399,15.452326
11.19411101262,38.47834969438,12.977104
11.22346621078,38.49372474884,13.718587
11.22039599318,38.50170596506,15.304772
11.20359260563,38.49265589518,12.4199
11.18511269795,38.54442228382,15.750329
11.13521503208,38.52679821186,13.55552
11.12553381298,38.54109112756,12.645015
11.17473319174,38.5557240115,13.17985
11.14058663492,38.56258416682,13.146649
11.26017561705,38.51191304116,14.896505
11.30150519114,38.55561731757,12.43632
11.18702530753,38.56099472322,13.465502
11.18453755687,38.59142829027,11.527915
11.18799124897,38.60869359148,14.097168
11.24982705851,38.61626588159,15.945053
11.27729090908,38.63604377519,15.698323
11.23436775952,38.62906065695,14.676383
11.25995816166,38.65066719651,15.362638
11.23507438257,38.6610302444,15.644747
12.7533716655,38.75902316877,13.065717
12.80898147025,38.74702438163,15.766734
12.81426523867,38.75186563901,15.775826
12.83727856169,38.77006642016,14.998734
12.89099032102,38.78389069165,15.682101
12.85758363048,38.7731289842,11.879579
12.85415626312,38.7940233514,15.873206
12.87928377084,38.78998325009,14.858546
12.78232015936,38.73991484669,13.835751
12.79585930558,38.76921895052,13.397677
12.80400333084,38.7805806825,13.273921
12.76698638982,38.78296486288,12.318587
12.79784167201,38.80167391933,12.284674
12.83386046387,38.79279616544,14.521408
12.85681686483,38.82299212346,13.531183
12.81213874568,38.8280993106,15.503124
12.83689814674,38.84381233474,14.182568
12.83251301565,38.84540452979,14.195444
13.05331259654,38.88138062238,15.275273
13.05792804312,38.89685008885,15.992111
13.05111298147,38.90452553825,15.775881
13.09550730372,38.91998954226,14.440058
13.11126087537,38.93324377255,15.65323
13.06265642487,38.91539743568,15.72296
12.91213554783,38.84405300417,13.771293
12.92256796505,38.85402334129,14.117859
12.97025757733,38.85835505248,14.635337
12.99248555594,38.86396804383,14.813808
12.97735743097,38.87828763422,12.668194
12.9662969965,38.90155143002,14.402177
12.83453570928,38.876228113,14.844947
12.8776509949,38.89208225323,15.244679
12.92082335945,38.87800984485,15.056088
12.89083645341,38.91096705956,14.589991
12.91787856939,38.92017680336,13.522457
12.9819892514,38.93596833596,14.922191
13.06891750323,38.94824198398,15.441381
13.03694856646,38.96820742993,15.953424
13.02101236169,38.98108045117,11.477007
13.0513713718,38.97287094702,14.347766
13.06378828911,38.99440721467,14.595057
13.0435273754,38.99136399992,14.383183
12.97613082244,38.95423758019,14.351831
12.95239993143,38.94767419274,15.619611
13.00571257897,38.97108630135,15.681897
12.96399257805,38.97292467318,12.796847
13.01159932169,38.97757518925,15.179398
13.01458623352,38.98495639531,14.366535
13.00439675309,39.04881159343,14.889404
13.45560638181,39.15099754132,15.746692
13.51556450551,39.19995267672,15.211812
13.5345131645,39.21960562838,15.270117
13.54178260278,39.21934307384,15.869209
13.54064485671,39.22748050579,15.990086
13.53865830241,39.24463477274,14.682915
13.18983226579,38.96031098948,12.826611
13.23711812194,38.99207090528,14.986286
13.15618953823,38.95638438663,15.264897
13.14558757976,38.99680348812,13.178453
13.19121088192,39.0034559422,14.638026
13.16372776,39.01290788193,13.663187
13.29853388533,39.02935455619,13.6592
13.26810842887,39.03629269117,15.869766
13.25096236782,39.04042928189,14.778173
13.25981038385,39.04493709466,15.355498
13.26962977308,39.06234293678,13.903193
13.33175146557,39.053599828,15.358469
13.30679493932,39.06730081373,13.871997
13.24771882184,39.0440637358,7.632106
13.25975466579,39.06778727573,12.184197
13.23378672581,39.06582304183,14.722453
13.26837516824,39.08371689791,15.106371
13.26861934888,39.11906073638,15.625551
13.28173242311,39.13700379766,14.910061
13.27251793397,39.14086655165,15.261929
13.10117846268,38.98134601818,15.356995
13.09133119949,38.9813625251,12.382858
13.10308700299,39.02473063214,15.544529
13.12312011946,39.02978759944,11.47878
13.11135570818,39.03311283561,14.615612
13.07327904485,39.01319034834,13.40777
13.07349055497,39.01283666318,15.226229
13.0794450492,39.0209943241,15.649899
13.05648973533,39.0571041156,15.529148
13.07405057914,39.05316036933,15.214364
13.03086747028,39.0661656861,15.443755
13.0220727017,39.06778377438,11.827593
13.06282954592,39.08317119692,13.120658
13.17072201691,39.10350010503,15.544399
13.16736357098,39.12873088687,15.151262
13.18149622799,39.11858779167,13.456182
13.23894756195,39.12986536505,13.121887
13.25277699466,39.14546795444,14.421588
13.26816220482,39.15836394499,8.140905
13.14110263612,39.11967147058,15.430505
13.13589851668,39.13184641458,15.847363
13.13936962447,39.13846227992,15.472514
13.19558219166,39.19056693275,15.343241
13.17772569735,39.17941719209,13.157136
13.18947646888,39.19562766204,13.179366
13.20265578893,39.19366037332,15.775514
13.21236598241,39.22380097999,14.073918
13.16101576188,39.22349089051,14.659193
13.37559320162,39.09934311761,15.1177
13.38270568142,39.10745367705,15.659678
13.34016344198,39.09554162776,15.436361
13.36668527114,39.14862331501,13.230532
13.40589972699,39.12411599466,15.121753
13.38122301154,39.14511391702,14.269382
13.40305166122,39.17006751739,14.707366
13.3982341556,39.18844587738,15.4789
13.31626888914,39.12608022663,14.809608
13.31730973203,39.14330897993,15.204198
13.33100794912,39.14472035856,15.934863
13.28834743314,39.17115145033,14.074111
13.31095784551,39.17586943362,14.783268
13.32373485507,39.1865720057,15.148681
13.3667615154,39.20539821407,15.995275
13.38382572719,39.21352034192,14.884806
13.45573708331,39.17946266523,14.40826
13.45191089424,39.18977113206,15.318457
13.44009276873,39.1792190039,14.22113
13.44371539983,39.21493670514,15.681804
13.44531006841,39.23457729395,14.111606
13.43304243706,39.23613972863,11.681475
13.45640182696,39.26027024823,12.728295
13.40912059889,39.23474832008,15.568031
13.39283147734,39.26541936646,13.898667
13.3845613084,39.27191199008,15.198944
13.46695655499,39.33095675588,15.225035
13.27793917407,39.18896615474,15.622779
13.25419550876,39.18166452837,8.376787
13.26721260587,39.20030574761,15.790628
13.28822100422,39.20490320574,15.644987
13.24657292231,39.22302624263,15.989284
13.31795277463,39.22227255364,14.260972
13.31412101171,39.22442793075,15.419667
13.30645976941,39.23757448788,14.766607
13.30273392974,39.23773704542,15.563026
13.31130594707,39.24373019685,15.755697
13.3223454925,39.2527591991,15.470601
13.29865038819,39.25004867942,15.531751
13.29158060035,39.26853971951,14.832087
13.28425084003,39.26944081254,13.543102
13.3235880055,39.28639484948,14.485509
13.23969798329,39.2467626196,10.736648
13.23146757077,39.2560672651,14.642704
13.22738208443,39.27084524969,15.00725
13.21787202943,39.27204268882,15.184549
13.2275099087,39.30502824684,15.47366
13.23793983603,39.29930904572,15.614214
13.3816642112,39.30149182613,15.711015
13.33396439028,39.29815464533,9.856804
13.3478348882,39.31710392356,15.755632
13.37482382919,39.33306793709,12.954536
13.35654090623,39.3502970073,13.156176
13.43223629849,39.36819907297,15.850591
13.37730699741,39.35109424368,14.316816
13.30788082794,39.31534681338,15.872714
13.30921080369,39.37299065031,15.307591
13.30786610415,39.38624820623,15.467168
13.31420909544,39.39972742676,11.092395
13.36363826041,39.3642552062,15.163667
13.39064607155,39.40646903837,15.396256
13.33233259617,39.39334222707,15.229168
13.34213564673,39.40715984951,13.537202
12.1219844794,38.47993048988,15.428324
11.81179353004,38.40425134781,14.681737
11.8244599387,38.41350993652,15.497605
11.8232956373,38.42752250809,12.588415
11.74861718433,38.40753938871,14.547726
11.7132619446,38.3780913024,15.11762
11.69792487336,38.39693320572,13.304274
11.74155382759,38.40941917533,13.762189
11.72924930533,38.42431070421,15.896497
11.76513345786,38.41528362105,13.601396
11.76012283503,38.42135914276,12.85114
11.77852493123,38.42945485952,13.795355
11.78956012947,38.4763155383,15.634033
11.91355710603,38.43394292886,14.462949
11.98790865519,38.43611301615,13.544297
11.91791178771,38.43912967466,14.67003
12.01775880605,38.44174082018,14.205845
12.02257670489,38.45426309927,15.686876
12.08909537096,38.47228725807,15.639806
12.10459452099,38.47859715757,14.879704
12.05077141185,38.48219269261,15.697555
11.96516230361,38.4895418126,13.24962
12.0096219166,38.51546185188,15.908381
11.9768011058,38.51576973429,15.789929
12.02712500044,38.56312240069,15.093842
11.89375321348,38.43264271167,15.69405
11.85533512398,38.43396459424,15.050931
11.93485821272,38.50553307622,15.005201
11.88810476394,38.47872002773,13.217277
11.90898058281,38.5200446095,14.593036
11.81115972111,38.45541508263,14.728621
11.83024767839,38.47613767873,13.939266
11.80495761515,38.47352690164,11.481319
11.85487891151,38.49031826089,15.077516
11.84370430039,38.51208080413,15.119508
11.79475026401,38.49702960659,12.366011
11.7947156036,38.49690403775,12.534227
11.8739687127,38.50244689178,15.532648
11.87064469943,38.51114873185,14.183798
11.8778344969,38.52216308006,15.661531
11.87940074912,38.5257652329,13.512276
11.89341240669,38.5465567598,13.674027
11.95733056438,38.50705930746,14.398149
11.95869569006,38.53290655264,15.988767
11.98739362978,38.54813064808,10.979619
11.93028565584,38.55432003657,14.693487
11.94950637033,38.54581679269,15.824931
11.9806479267,38.56812015235,15.001697
12.02441497364,38.58553054279,14.042135
12.01138076849,38.58355389856,14.991934
11.99643984786,38.63329392815,14.935053
11.89940644822,38.56816590867,12.356395
11.93938902149,38.59158281306,15.615825
11.91914700229,38.57665603848,15.589752
11.93310260469,38.59919894194,14.663212
11.88890862191,38.57284066446,15.985492
11.94543981659,38.62388218164,15.464867
11.91973337774,38.62948940293,14.755646
11.93461349686,38.64437775181,15.125706
12.23638910323,38.50957014746,14.49738
12.14850793694,38.50558766316,14.41806
12.20492165356,38.51609610722,14.972382
12.23383099732,38.55058422128,15.170553
12.24005553703,38.55627700529,15.691081
12.21963038583,38.55429202493,15.197999
12.22139992621,38.56666567272,15.61428
12.29253322541,38.54708580399,13.032108
12.27819006079,38.55035088094,15.333465
12.35603505015,38.59354385286,14.074831
12.33894599927,38.58658753466,14.61989
12.34552989465,38.59682799187,14.429708
12.33876954365,38.60343974016,13.339421
12.33880752092,38.61156554424,14.919468
12.35365636038,38.61608421861,15.729767
12.30053168429,38.59091895949,14.100924
12.2337190611,38.56839486548,13.196491
12.27406642853,38.609267655,15.136655
12.24880369901,38.60629866821,15.347211
12.30539492343,38.62594271634,15.913064
12.29523777327,38.62724997335,14.666237
12.2855371586,38.63198532332,15.438208
12.26963927068,38.63262829225,15.698695
12.30292769064,38.6587274676,15.853889
12.47159339052,38.5942280998,12.524838
12.44649156463,38.58974719411,11.148009
12.4593491482,38.60437001153,15.862651
12.40359762466,38.57979131587,13.087891
12.48179865472,38.60054892014,13.940921
12.50777352224,38.6308269901,15.911264
12.45346869098,38.6316552266,14.001618
12.58124895897,38.65786208145,11.730687
12.56595709142,38.65878695829,14.913969
12.59700643534,38.66183968677,15.775667
12.62824392296,38.67014118163,15.748508
12.65155064717,38.68335340543,12.76354
12.63351236454,38.69258645218,15.437565
12.60823598314,38.69061344775,15.534426
12.63315600338,38.70500301451,13.970386
12.59441566369,38.70467861774,15.457091
12.61971003095,38.71926505756,11.948271
12.51337450224,38.65193413659,15.677052
12.5062922131,38.66584545775,15.069422
12.51516132962,38.67841973421,15.759607
12.51099295707,38.68455083219,15.911961
12.52623519572,38.70927142956,8.54821
12.56358677184,38.71736603555,11.182926
12.54992412499,38.72837498491,14.708558
12.57459808928,38.74759791811,15.455595
12.58408130876,38.75805242154,10.26018
12.42268075737,38.63899344669,15.153033
12.39979354091,38.62926500201,15.101431
12.37496302732,38.64013724735,15.627816
12.38165531998,38.64883172115,13.515546
12.39771554322,38.66934800509,15.81385
12.4200684086,38.70029752604,13.630425
12.36068501272,38.66931608705,14.964133
12.36059653928,38.6695740621,13.481216
12.31096730577,38.68006221609,15.678172
12.34785620252,38.70081273419,14.992744
12.35978910347,38.69580291139,15.364849
12.38252957356,38.71830814222,13.257628
12.43034372317,38.73332374174,13.482535
12.48313734749,38.69894331694,15.731201
12.473018393,38.69843702973,15.110769
12.48014798345,38.72503152079,12.937853
12.49897852463,38.73478607263,15.972497
12.50431378438,38.73888286562,7.731636
12.46281228008,38.75067085464,15.919029
12.4772360373,38.75825849825,14.688955
12.53215365902,38.7411529994,15.550926
12.56084386492,38.78125210721,15.450303
12.52341127503,38.80288328567,15.957054
12.53069982295,38.8141284748,10.48686
12.4361954039,38.74467420978,15.144233
12.41390309058,38.77479383571,14.581834
12.44112175735,38.79409767401,11.844875
12.48162941108,38.78199911086,15.551016
12.49456645098,38.81360309219,15.950111
12.465814429,38.81402197249,15.127335
12.47781724593,38.84713011991,15.039496
12.12283373973,38.531879462,13.372041
12.19324463171,38.56385016494,15.594834
12.19945896983,38.58386287628,15.824705
12.18183400532,38.59626101469,15.89643
12.19631948806,38.60069460388,15.203609
12.15664332614,38.577885824,15.251016
12.16452969714,38.61855919282,15.25962
12.1036272842,38.57419186057,10.574993
12.09689466277,38.58048899631,11.650474
12.06118007655,38.5745516498,14.471373
12.08207119294,38.58855476254,14.678741
12.06708447269,38.58734388504,15.865305
12.08080492121,38.6020691606,13.244364
12.07515262713,38.60138559092,14.348248
12.07680536034,38.60366758401,13.928493
12.13768675386,38.60089046078,15.890554
12.12870690987,38.61128952224,14.324244
12.16948466219,38.6348980553,14.563492
12.14052934467,38.63334562233,15.495716
12.12859448545,38.67317730685,15.428273
12.22791241941,38.6093531231,15.38204
12.22919176128,38.61244176331,14.24604
12.2126022034,38.61812384173,14.786721
12.29285209114,38.67519195918,12.792207
12.27278039492,38.68149404048,15.419711
12.24420177745,38.68345790946,13.735799
12.22781002687,38.67288760611,15.20928
12.24561907554,38.70988418407,15.126874
12.1573797862,38.65361428902,14.606251
12.18041718801,38.67153754173,13.7632
12.19920102477,38.69583067712,11.483828
12.18407891217,38.70779089608,14.935803
12.20042216356,38.71758799832,15.070089
12.2145425347,38.72987649114,14.996943
12.21251469386,38.76350783353,14.241508
12.07087949347,38.64151319611,9.839335
12.05839913148,38.63576912341,15.043953
12.06783475864,38.64080146011,14.900688
12.06461494384,38.64181234313,15.848482
12.06861172587,38.64345793995,15.934427
12.05500332042,38.64837629642,15.950846
12.05501632695,38.64749500431,15.677575
12.05021543552,38.65814949709,14.62377
12.10597401422,38.67151853891,14.983028
12.10369389247,38.6757793836,15.75942
11.98825140464,38.65559871128,13.493068
11.97290382089,38.67405151538,10.128601
11.98884274709,38.70029643705,12.973303
12.03828198627,38.70352968291,15.57954
12.07077634563,38.73345810542,15.620871
12.01239581993,38.71924901193,13.743398
12.04063318279,38.74514963497,14.852613
12.12968726505,38.77671070255,11.4104
12.14505794562,38.77326122141,14.121974
12.0864534244,38.76604706115,12.388443
12.10280841729,38.79655343784,15.349342
12.08362193473,38.80863390376,14.730541
12.14205988754,38.80864602896,15.526028
12.10976610163,38.81386359173,14.962818
12.27931588429,38.72324507964,14.874765
12.3647949072,38.800266703,15.21627
12.24579736057,38.80246033846,14.88012
12.27558021391,38.83821420054,15.81521
12.31352953246,38.85819905059,15.72856
12.42066054888,38.85309421145,15.489606
12.41419242586,38.85356408753,13.641735
12.44757367425,38.88928989473,13.9374
12.44359682899,38.89321045139,15.319463
12.34690842626,38.83387283505,15.518538
12.33918461693,38.83662852414,15.411883
12.33234322638,38.88687842109,15.014305
12.38036826215,38.89107331566,14.405862
12.37644781215,38.91391121739,15.289416
12.3766844138,38.94016559117,15.481145
12.21703591913,38.79880437496,15.971125
12.20592330128,38.79988055853,14.377139
12.23633771613,38.8249217994,15.423718
12.21968719129,38.86302468956,12.868699
12.25185170655,38.8711207272,15.863448
12.22601663199,38.86534164385,13.401092
12.26473860303,38.88997811653,15.377699
12.16756384652,38.85988122165,14.913906
12.20680103328,38.86945011589,12.94778
12.14511615838,38.88591444169,15.388658
12.23201681698,38.92104316681,11.478478
12.23874125487,38.94108154287,15.213847
12.21388094718,38.95641291479,15.851156
12.21910950835,38.96644231159,13.134894
12.30879124591,38.93181147411,15.35727
12.34632373633,38.92852572522,11.481241
12.35121822972,38.93412510099,14.516155
12.38558519293,38.96312950832,14.115638
12.36124522337,38.96125245028,10.224177
12.32064455287,38.96562866255,15.107599
12.35637316762,38.99304043952,13.102905
12.33239135201,38.98884547966,15.928659
12.35041297579,39.00393818868,14.564942
12.25084344654,38.94783842316,14.573742
12.23625648543,38.96360517754,15.409854
12.2482497204,38.9796158951,13.407429
12.26451279534,38.98477793352,14.767436
12.24557588697,38.99887774462,15.842007
12.33470334637,39.02499397691,14.494164
12.30872547563,39.0186048855,13.805319
12.33035680694,39.03000504834,15.714069
12.2745063472,39.01740852904,15.033604
11.6615983285,38.41146606422,15.303321
11.63271816336,38.38357830673,15.526513
11.62707026573,38.39212033162,15.824179
11.61709434834,38.39054350799,15.297311
11.61814603888,38.40319844198,15.596993
11.64342483604,38.41286001356,15.813021
11.563698847,38.36434601669,15.373507
11.58798894425,38.38620133887,15.991291
11.592084778,38.39652202101,14.986865
11.5777891774,38.41183534029,13.815075
11.55580649565,38.40029835108,14.481573
11.561970451,38.43196372104,15.658901
11.58800105076,38.44558314305,15.494327
11.69564838309,38.45610263694,14.446363
11.73885626006,38.45207671814,14.44298
11.72537337008,38.49626727048,15.881768
11.72804396192,38.51613602236,15.114389
11.730364021,38.53093402582,15.974105
11.6291172831,38.50192668097,13.946714
11.62212737137,38.51257098302,14.810137
11.65857050203,38.51537950739,13.046529
11.62815162449,38.51080708837,15.412233
11.70248369123,38.51022291943,15.279004
11.7136249777,38.55355889428,15.985853
11.66883430295,38.53581698459,15.717433
11.50300961451,38.42240549232,15.769448
11.51183512701,38.43837125796,12.971318
11.49860675343,38.43089667667,14.379214
11.49073631414,38.43791094351,15.965997
11.55356963003,38.45606286963,15.876173
11.53876063561,38.48347620239,15.764854
11.52196617852,38.49530920057,11.430501
11.46682226601,38.45109269851,14.798489
11.45605887871,38.46133275718,15.616619
11.46499496299,38.4749204883,12.452476
11.48499053173,38.49334808728,14.441933
11.44833900479,38.49101303428,14.310331
11.49985061463,38.55218336735,15.025737
11.50559915338,38.56142721629,13.95336
11.61959982705,38.54805006142,13.383848
11.6334977555,38.55965951777,15.840253
11.67212520473,38.59536087311,15.126275
11.66329085013,38.6086139862,15.203104
11.63413953526,38.60676816161,13.423628
11.54324637881,38.56302976003,12.548542
11.54801916942,38.58635533614,14.13441
11.52861125234,38.59443091516,13.82996
11.5648029914,38.60165048644,14.045052
11.60058935101,38.59221847528,13.970329
11.59767256367,38.5993249744,14.459503
11.59691427912,38.62921972477,14.94385
11.63443722455,38.62243283114,15.876534
11.59608777317,38.63144329425,14.848433
11.58170521705,38.63410145779,12.163618
11.57386619398,38.64415352184,15.205718
11.58370136077,38.6576300311,15.081515
11.59775353952,38.67386388785,10.433653
11.77308451619,38.49975029955,13.717052
11.78399320939,38.51880123786,14.604499
11.78063584533,38.52555035455,13.5387
11.79150773795,38.60051695831,15.539502
11.82220788329,38.61840949192,9.280216
11.82114161911,38.62116245896,13.816524
11.74657581185,38.56698035028,14.488082
11.7584579966,38.59445917767,13.196904
11.70219489331,38.59789470123,14.517509
11.71199422897,38.60283355896,15.750228
11.72895357064,38.62514128913,14.06305
11.72922298769,38.62850144899,15.608226
11.76972584547,38.60788881476,15.881452
11.79163566171,38.65684802815,13.813589
11.84472756057,38.61242008183,10.290496
11.93681137566,38.67247095605,15.49227
11.94108274247,38.69479207776,15.830928
11.8856731167,38.70348694944,12.585301
11.92788251639,38.70265008711,14.688637
11.90652641616,38.70511840375,14.508304
11.89588831503,38.71121628726,15.665017
11.82093148676,38.65475608075,15.53408
11.84175481124,38.67272608313,14.962874
11.79915872289,38.67554355487,14.602923
11.80322861712,38.70329670237,12.494476
11.87381340603,38.70719686792,11.530618
11.89260735231,38.73617411224,13.136457
11.88719429051,38.74403522179,15.986645
11.8497980361,38.71437997387,14.891077
11.70052650887,38.62480610106,15.970966
11.70376915468,38.64794970311,12.643783
11.66383094386,38.62482657283,15.872264
11.62683688667,38.68597041907,14.629067
11.62943724958,38.70647438729,15.673007
11.65528039904,38.71703339196,15.050376
11.69879982608,38.71590647195,14.895548
11.67331657344,38.7425944591,14.578149
11.6800194612,38.75139037931,15.528063
11.68998068433,38.75880477214,15.30089
11.80005614672,38.73976076756,12.00685
11.83088776305,38.76320066686,14.663262
11.80166821579,38.77780238708,14.012244
11.74358105307,38.76888492971,13.694007
11.74593214496,38.78333714793,14.210996
11.73376676016,38.8077133024,15.843518
11.76082780267,38.80097827263,11.106526
11.7639496886,38.80106337458,11.122468
11.76499927915,38.80577461568,14.790013
11.76431338779,38.80626523039,15.919058
11.82044969748,38.82655425075,15.240607
11.79393494374,38.81984550189,12.67482
11.76151880913,38.81441490362,13.896672
11.42596612115,38.5181216513,11.891659
11.40457555592,38.54434736142,13.539385
11.43344497499,38.54983638701,13.700068
11.4734408009,38.55194835409,14.063265
11.48107484011,38.57003566172,12.697287
11.40858872343,38.58819904475,15.0489
11.40700108453,38.59819042739,12.031858
11.42745236855,38.61037629072,15.150047
11.51992607178,38.61786112094,12.87779
11.53009209471,38.62876036975,15.828773
11.48136666884,38.62395321613,15.586082
11.5003898227,38.65175877314,14.317626
11.57153096049,38.6515941476,14.455371
11.44950018532,38.68146116893,15.498044
11.46075929724,38.70298205929,13.839708
11.53631431385,38.74097508596,15.119862
11.48774109648,38.71082893146,15.856931
11.34084301961,38.60328917423,15.658896
11.35252104174,38.60670165136,14.349213
11.3510419693,38.61534276048,15.715783
11.34784386101,38.61557458893,15.534682
11.32505250912,38.65437422514,13.624879
11.34974324959,38.69244987294,14.861945
11.36262713012,38.69415517124,10.807328
11.34966348489,38.69462235132,15.834978
11.27618798225,38.65525546915,11.136877
11.27683952304,38.65762807025,13.433807
11.3186611379,38.67996461355,11.719033
11.26350971124,38.67868744638,14.472345
11.28564393553,38.70673413366,15.941557
11.34534952155,38.70397727007,15.85383
11.36204251363,38.75033639711,15.211636
11.31030051509,38.7417976573,11.686451
11.31041654914,38.74247461937,13.589407
11.34901285036,38.75024987069,12.65492
11.34939587889,38.7609534548,12.910135
11.45405946171,38.72787623781,15.613784
11.44565262714,38.73814526666,15.703658
11.44527873518,38.73792295583,14.177247
11.43418840686,38.74525363584,10.924443
11.47143935309,38.7911277337,15.015869
11.38609850738,38.76026397682,14.403365
11.39827477717,38.80066793837,15.274001
11.39045093075,38.80548772028,15.177716
11.37309554105,38.79629873018,15.564131
11.374295369,38.80102284726,14.818166
11.36855796869,38.80378055283,13.774585
11.4235403509,38.80619803943,14.605621
11.44329030178,38.84300491254,11.965637
11.40227119232,38.8398943669,14.926916
11.5777061866,38.71287505038,15.100089
11.58697785916,38.72010098089,8.830589
11.61535682849,38.7620925225,13.926943
11.62890996452,38.7616006836,13.034938
11.63635278491,38.779065779,12.084394
11.58957302476,38.78335928605,14.819523
11.57713963713,38.79848137609,15.905043
11.55147855236,38.79792329084,15.612985
11.60753202516,38.79254508781,15.708676
11.61853762943,38.83720022257,9.746081
11.6752916144,38.80239841802,15.199559
11.71952811413,38.83080718555,13.299526
11.67550801497,38.82351950532,15.435628
11.73884931586,38.85300872666,14.847289
11.74220827666,38.86358292497,15.657077
11.69788258304,38.86973806858,15.493608
11.6979291549,38.87358011385,14.317486
11.6517774372,38.83295809404,14.964895
11.63665908159,38.83960008826,15.050454
11.67408931544,38.86870366158,15.363552
11.65901630643,38.89006480645,13.493627
11.68136120542,38.88590789997,15.235162
11.67722273963,38.88916751988,15.785466
11.70888056484,38.91381901182,14.92028
11.69920190525,38.92734084522,15.809599
11.68226854046,38.92671295524,14.185088
11.69373741475,38.92641900257,15.967888
11.70548096127,38.9393402273,15.10039
11.6887865389,38.96607807743,14.642448
11.54787203945,38.81716709066,14.364269
11.54864927009,38.81636899424,13.835335
11.52733706749,38.82942098427,14.622905
11.49586268163,38.81217580949,14.859468
11.51355684422,38.8467205865,12.983139
11.50144424889,38.84985476119,15.44083
11.57399616612,38.85759953717,14.637514
11.57457567874,38.85866534368,12.568657
11.55313328171,38.87837321449,15.448286
11.5448043722,38.90372592914,15.122651
11.54847753208,38.91087878237,13.126024
11.48262330845,38.84166686594,14.253965
11.48545058318,38.89964545433,13.971973
11.47356451828,38.91122473811,14.061171
11.63904653381,38.92215032034,15.266721
11.63147155724,38.97008745179,15.12547
11.65643233768,38.99107785172,15.187565
11.63931809673,38.98782763441,15.172983
11.64058128914,39.00120274875,13.491396
11.5881777747,38.97656591096,11.223584
11.55424202678,38.97653927241,14.494095
11.59411014595,38.9778647022,15.396803
11.59603140217,38.99171600662,13.203135
11.62653772601,39.01911707026,15.036104
11.62828433014,39.0198716197,15.736033
11.62052419973,39.03511616566,15.220431
11.59119779653,39.01613045834,12.583826
11.60766664422,39.04686601743,14.308443
11.9426327149,38.694551163,15.895016
11.96962235926,38.7038319283,11.877305
11.97709765055,38.71989684426,15.818004
11.95820070641,38.72687683592,11.934441
11.92382140167,38.72533955275,13.50658
11.92513400605,38.72672788191,15.341578
11.96644264914,38.74679852345,14.293034
12.00912010165,38.77861884843,15.484435
11.97752489009,38.77151047924,12.253252
11.97557130437,38.77805562291,15.961107
11.94544116143,38.78327407785,14.636071
11.89032675257,38.7911900048,15.457265
11.95540999755,38.78497886972,14.768707
11.94095904502,38.81151809637,14.505419
11.97364912999,38.84251688007,14.402449
12.07849220054,38.8324183215,14.549133
12.04979588919,38.82485701972,12.726859
12.02324233051,38.83975293624,15.011663
12.04383703427,38.85206734726,12.345366
12.09220303456,38.84640274945,14.773136
12.09397146935,38.85553602574,11.513134
12.05599073138,38.88613560001,13.362614
11.96657056856,38.85916714456,15.203202
12.01927822672,38.89841889493,14.751596
11.84800907745,38.80581667247,11.924964
11.89158563509,38.83626276907,12.346637
11.93870530821,38.88169549155,15.692864
11.91503329382,38.8771139298,13.950791
11.93652522808,38.88529339234,13.012615
11.88691296032,38.89496462607,14.414507
11.92413142306,38.89922129128,15.498178
11.83946589885,38.85700833708,12.754746
11.84012734328,38.87397540483,15.825976
11.83197578213,38.87769436407,11.844027
11.79545407593,38.88060063942,14.846435
11.86990317133,38.9401514429,13.160046
11.8802539995,38.94533358697,14.998518
11.86765440846,38.94807501748,14.216947
11.87259823603,38.95530784786,15.748662
11.98179230911,38.92976234727,14.540184
11.93703465216,38.93064825036,14.989451
12.00234326927,38.99302598057,14.608383
11.90789951484,38.92514143976,14.043062
11.89482577766,38.95463744113,15.699669
11.9234404955,38.99925203711,15.572083
11.96939758142,39.03240290345,13.100102
11.94151949776,39.02685925378,15.053582
11.96211564191,39.04714906442,15.340487
12.12512615945,38.89593316084,15.166704
12.14983207629,38.90662824906,13.334032
12.13592555803,38.92895485861,15.367282
12.11547418009,38.93735273166,15.696015
12.20313231137,38.95863054833,15.421083
12.18532134547,38.97048195853,14.704105
12.14289271872,38.96998032777,15.763801
12.15112488163,38.99253765286,15.936557
12.16865405109,38.98891006807,13.424724
12.08387386522,38.93342533859,13.443697
12.11386545955,38.95471252152,12.40796
12.11590585665,38.97541675889,15.849051
12.12232259522,39.01550781275,15.78463
12.10615150413,39.01672729255,15.860893
12.09931932562,39.02879641736,15.304725
12.23911180573,38.99389032312,15.872705
12.23558076586,38.99996540349,12.363746
12.24454042195,39.03043217043,12.406604
12.19179723484,39.03020190181,14.574048
12.24403613951,39.05428866371,14.878293
12.2382966496,39.07112481674,14.825668
12.16923354194,39.02583869743,13.21715
12.16199170817,39.0427401585,13.175221
12.21853538165,39.0840867309,14.304116
12.22048506089,39.14882526309,15.538866
12.0628480346,39.01712235433,14.848595
12.00223085103,39.01812975421,15.551116
12.01630517372,39.02212576597,14.647202
12.03825516414,39.04718515524,12.199125
12.09301665952,39.04919715842,15.070201
12.06516433686,39.05953143801,15.712196
12.0738780077,39.05788138509,13.769732
12.0864587992,39.07153633899,13.64192
12.07553869779,39.09524737205,15.12223
11.99738294586,39.05501366515,14.74675
11.99735879867,39.05510900835,14.714602
12.06593086868,39.13310943401,15.23921
12.02050918533,39.11696636499,15.418292
12.03960680649,39.1166010669,11.231472
12.11321850731,39.13938522154,15.970807
12.19446059482,39.16072246742,15.015815
12.15107976631,39.15917063726,15.523774
12.08955391651,39.15674219141,15.617402
12.10622951775,39.17845377394,14.865886
12.12091700305,39.18004506818,15.73011
12.15964051798,39.20744144318,15.412244
12.15262286474,39.21404237563,15.97682
12.15292746244,39.21975484515,15.491364
12.12099120561,39.20228612576,15.131743
11.79000280094,38.89230125528,15.404942
11.78757815043,38.89455039814,13.46551
11.81077010047,38.91075017218,10.372735
11.75409506647,38.91684937257,14.88082
11.77756580644,38.93799500043,13.901344
11.81439738946,38.94705268761,15.766892
11.83578737896,38.99746357838,13.204577
11.73637705638,38.94670046393,14.810144
11.73877957333,38.96153408913,14.027804
11.7605895067,38.95558657513,13.150083
11.76913916571,38.96664956118,13.72524
11.74916467532,38.96717827664,13.991112
11.75047132908,38.98308551176,12.554441
11.73614413562,39.01068538677,15.940341
11.79722126053,39.01187055017,15.648839
11.78447910113,39.02012466482,11.871558
11.78551224378,39.02220205058,12.134876
11.79928677895,39.0328797359,15.851828
11.87147767341,39.01954682854,14.097671
11.88558206725,39.02814570172,15.741755
11.83390425745,39.0293141748,12.440535
11.83406811123,39.02963957931,7.149925
11.91060091215,39.01993856959,15.655357
11.9330174525,39.06590833121,13.498673
11.89221277998,39.05691867756,15.5128
11.90000549549,39.06904663936,14.881323
11.91274505522,39.07580660401,14.33094
11.83261110725,39.04614144942,15.15772
11.7801601823,39.06356290809,13.910719
11.79395541669,39.07893145923,14.72462
11.82923611063,39.09868539877,15.543077
11.8561381846,39.11899357325,15.503019
11.67361232105,38.99374886356,15.316102
11.70932821698,39.00888921058,15.960282
11.66501741546,39.00687835337,14.073754
11.67344813259,39.02066693632,13.871346
11.6501500883,39.01364385948,15.432661
11.73515754783,39.08931135887,13.422699
11.63750616666,39.05846874987,15.351836
11.61723260457,39.06368461312,14.207792
11.6847119451,39.07189160172,15.264291
11.70480159229,39.12824430225,14.690499
11.68255354231,39.10786750481,15.153888
11.69652900345,39.13676761837,14.588957
11.68887333861,39.14535990934,11.678886
11.77160766377,39.10425130974,11.753335
11.79926736108,39.11757798726,15.98642
11.75475576858,39.09903853286,15.879177
11.76297964657,39.09996234275,15.90565
11.76962053144,39.12108321642,15.540392
11.75030656313,39.11417821792,14.035173
11.75559081943,39.11499468068,14.8644
11.82626396335,39.18980902791,14.301624
11.75928164165,39.16144060434,15.415688
11.74578993412,39.18575270412,15.82546
11.72040567177,39.18541514671,13.61171
11.7358458927,39.20444618507,14.909593
11.78854924413,39.17794992114,12.657403
11.78037539541,39.19965428685,10.872186
11.8035025049,39.21144584286,15.650402
11.74719886164,39.20337969891,12.058219
11.73862421033,39.21063324562,15.949114
11.96834442392,39.08907226148,13.152042
11.95599337159,39.09934118604,12.065236
11.96704253436,39.10884830107,15.611073
11.96620216535,39.11618752183,10.260547
11.94258342902,39.11949257709,14.395833
11.92706505435,39.11160874823,14.323728
11.95083231561,39.11608478982,14.765343
11.95489010817,39.12946718679,14.016821
11.97198643397,39.15947328723,15.027434
11.98541437319,39.17734719829,14.688917
11.90043384281,39.15658919286,15.073795
11.87984399803,39.16489624987,15.197431
11.91452660041,39.20172416294,15.144613
11.96562919581,39.18165562934,14.567305
11.97817129498,39.21248959452,14.849963
11.97313503548,39.23072602026,14.48376
11.92204454615,39.21799252779,15.898227
11.96117673195,39.2325903242,11.533945
11.95375733934,39.24422441831,13.547856
11.95319742441,39.24608024234,14.39622
12.03708709681,39.17380334766,11.223163
12.02799101968,39.19066346412,15.641443
12.06125549624,39.20817398122,15.196211
12.03898883143,39.20957712347,15.521024
12.0451308908,39.24606070539,13.507305
12.082973145,39.26967356188,15.748861
12.09942454094,39.28270767346,13.599771
12.00485383546,39.22597036116,14.342407
12.03486359871,39.26330396936,15.904724
11.98226283614,39.2669257673,15.141499
11.98447705375,39.28548905795,15.582021
12.05077976917,39.27580217408,12.893334
12.02991231294,39.28295567947,14.780745
12.06503594704,39.29934274115,15.557773
11.86280593608,39.18212822515,13.639775
11.86226617991,39.19649588662,15.257663
11.84774567654,39.20672679274,14.991655
11.92084114377,39.22824022067,15.352889
11.90428296854,39.25057248592,15.419159
11.87322116982,39.26176557302,14.345842
11.89624591036,39.27763148464,12.117979
11.81002058252,39.22605199772,15.613594
11.83132549413,39.26153620451,15.800567
11.84530942464,39.27299389317,11.352654
11.82923236617,39.28828419727,15.740328
11.82376518633,39.2914486501,12.934562
11.86323437682,39.27789633695,15.52399
11.82710842207,39.30904879384,15.262949
11.87752843495,39.33986504184,14.503466
11.97351463804,39.29160305341,12.192138
11.9843700897,39.29898507182,11.913129
11.99381408257,39.30503306955,14.92139
11.962695437,39.30114003372,15.81849
11.93988801127,39.29651745745,14.839222
11.9295773789,39.2965942976,14.552282
11.96625884063,39.33027060256,15.099647
11.96598813497,39.34066440488,14.240809
11.95597189147,39.35432158969,13.174705
11.99220350757,39.36650664466,13.004864
11.99495324969,39.39401483425,14.581268
11.93508073834,39.34271438313,15.342059
11.88964416385,39.33859155687,13.124831
11.89462570586,39.35175887091,13.529839
11.89276472713,39.35805601708,14.71504
11.9167208853,39.39116109141,13.826244
11.97643201701,39.40371468897,13.778654
11.9379885091,39.39116178189,15.471592
11.93496468525,39.40565848002,15.241191
11.95678713716,39.41618919087,14.985498
12.68435629401,38.71366520392,13.663581
12.65622682832,38.77366370604,14.323766
12.70211287275,38.74496712272,15.172701
12.70993253563,38.74413437824,14.407456
12.69926241146,38.75898511992,14.843396
12.70506081249,38.80374671841,15.333861
12.6936818312,38.7985340431,11.472668
12.60788746571,38.75769152811,14.310211
12.6147811761,38.7620496564,15.637564
12.63769856132,38.7602596155,15.788713
12.6517411136,38.78215995693,15.896078
12.59426324405,38.76615455715,12.470302
12.62901617035,38.81829450276,15.284803
12.63669549338,38.83331050297,14.31981
12.65182182569,38.83092700242,15.533466
12.71840124872,38.81086448457,13.55753
12.73235826695,38.8370992288,14.914444
12.73605968439,38.8605745663,15.194965
12.73559949376,38.86800424347,15.53387
12.71348775317,38.87820947351,13.722125
12.68674754608,38.86776609812,13.863287
12.6678196459,38.88529134378,13.726323
12.71278138693,38.89516739938,10.980265
12.69009659541,38.88683921753,13.414692
12.7506013523,38.89799146397,14.13979
12.74390963598,38.89820167941,15.396145
12.75996435952,38.92338047245,14.725001
12.58828477291,38.80266561733,15.484109
12.5293279216,38.82952357855,15.910225
12.57007477306,38.83493511724,15.252706
12.59412279609,38.86688986906,7.590099
12.5788334038,38.88443207652,15.956574
12.53210408346,38.84571420516,14.768805
12.49975531557,38.85855991695,15.6098
12.57588696531,38.8927079686,11.260101
12.57189344861,38.91879217406,14.962347
12.65099822962,38.89488588518,15.095592
12.62639764751,38.92504484287,12.80532
12.63512025357,38.939849095,10.995269
12.64817288291,38.93239438696,15.594539
12.7030953072,38.92837506771,13.234939
12.70889685527,38.94596429447,13.584449
12.71845365703,38.95230559301,14.282312
12.60847956171,38.94228243161,13.382238
12.63322771273,38.97071541392,13.216949
12.65661583901,38.97250085241,15.798302
12.66293335184,39.00785609474,15.107095
12.68893557457,39.00790354803,15.503704
12.83388345274,38.88200532447,15.227501
12.83627497376,38.89793359779,15.301414
12.82142050406,38.89386311642,13.721222
12.85372958975,38.93120315558,11.011572
12.81458459949,38.90819904455,15.943252
12.82810190892,38.96412607495,15.68066
12.88522738825,38.95461628791,15.40048
12.86433757355,38.95196532446,14.703917
12.88991557433,38.97399019275,13.766587
12.89451881897,38.98720334169,15.734921
12.89314066908,38.99193363771,15.568462
12.79772773054,38.9533648224,15.766788
12.76512803675,38.98746001827,14.346835
12.83136740053,38.98863081699,15.798272
12.83049835169,39.01401664195,15.266713
12.80120083834,39.01056214227,14.903891
12.91189613572,38.98148673384,14.214414
12.95895243334,39.05759288876,15.742234
12.98525793363,39.0526506178,14.316213
12.98961273819,39.05869059753,15.98024
12.98714809519,39.0735888651,14.568097
12.98387385103,39.08664173211,13.623727
12.8813615441,39.02621495113,13.516687
12.84306020125,39.06258225225,15.686366
12.92013338058,39.07272954779,15.927952
12.89187889196,39.11744005802,15.331963
12.92307151575,39.13108583433,12.468573
12.92572274247,39.13864811564,15.515998
12.73599559724,39.00195533105,15.717139
12.76726911094,39.00714432762,13.167134
12.71720933164,39.00450043721,14.858194
12.72888934076,39.03083716182,14.169574
12.74806495184,39.05377659782,14.811214
12.78982679596,39.05189753518,13.912339
12.79315286114,39.05436840178,15.825781
12.75891667319,39.0736982792,15.268904
12.72291090018,39.06206741063,14.99174
12.71218810024,39.07427406752,14.549515
12.67297110791,39.07483660375,12.683991
12.70349273199,39.07035940147,15.730209
12.70187208091,39.0757679576,15.629701
12.70565728592,39.08704634758,15.185578
12.76529850582,39.09329729893,14.334808
12.76136013639,39.10215121753,15.158883
12.75781038064,39.12035682243,15.185945
12.76462139632,39.12620145093,14.72539
12.74380124194,39.12952062986,10.725933
12.75289346646,39.13943152081,13.287833
12.75059979417,39.1399939899,14.691998
12.825779326,39.08480545683,14.810065
12.8338109189,39.14087158027,15.03336
12.87687716291,39.13537014538,13.944773
12.85670077351,39.15470291028,14.444294
12.86537867642,39.19701073851,13.5771
12.81898334649,39.14872604478,11.248197
12.79955614185,39.15006617368,15.329556
12.8164191739,39.15874891599,11.264925
12.82395339848,39.17040030256,9.034234
12.78102244975,39.16912472595,14.196041
12.75945585105,39.1728155425,14.33803
12.80384619904,39.18044544184,13.376667
12.82494839396,39.17055288922,14.362756
12.82737310288,39.19626544785,15.514833
12.82765562307,39.19763777155,15.759909
12.8306175713,39.20752392494,15.484464
12.86344048098,39.21738254111,14.723424
12.84784279009,39.2291832604,13.242112
12.84538470389,39.23195255162,13.313857
12.81915141237,39.22905772927,11.856133
12.49476949128,38.93164987474,15.750596
12.45266642835,38.90757936528,13.439339
12.43876839485,38.92302689647,13.81647
12.52559248132,38.98258462924,10.829462
12.45321318567,38.95721149623,14.276586
12.473687335,38.97419681754,13.924862
12.40793958645,38.95308713982,14.21384
12.43427347093,38.97104781315,14.746117
12.41290934795,38.97983217462,15.76862
12.43856521885,38.9991843054,13.495167
12.50729346305,39.02050548765,15.855403
12.49041500984,39.01446936329,14.613127
12.46339224565,39.01120397288,15.115121
12.57385408698,38.99015511156,15.44258
12.56672301,39.04725551555,15.273668
12.62977365417,39.04434469272,15.337117
12.60458913255,39.04938164923,13.369815
12.63607106065,39.05347814225,14.409781
12.6470613781,39.06534518258,15.202594
12.60306748245,39.08315289148,13.247535
12.52214207,39.09760513132,11.401835
12.52630407831,39.10916153848,14.896353
12.57974221645,39.11157636016,14.6352
12.54792689984,39.13926385749,15.476136
12.38275305846,39.02889275944,15.58637
12.43207782544,39.02379345843,15.434103
12.43277826054,39.03163253904,14.629794
12.44482530922,39.0583796,15.432597
12.42952654061,39.0651251591,15.172878
12.44335843524,39.0983779377,15.984002
12.35427413781,39.02767522763,15.310329
12.36296615099,39.03685567938,15.290724
12.37111618738,39.06492328664,14.200606
12.37598029095,39.0827799396,13.932002
12.37114662624,39.08510277194,13.49352
12.35909673335,39.07799881052,13.441858
12.35899299675,39.08305709211,15.531428
12.3978446255,39.1016594932,12.958066
12.42683597874,39.11461091027,15.487396
12.42682669131,39.12296394548,15.953211
12.36997524153,39.13447146021,15.356808
12.388494442,39.13005246057,14.262488
12.49746736535,39.09353935837,14.853594
12.50897027604,39.10782232959,10.685001
12.44871975105,39.11089382209,15.686915
12.49270043756,39.13059909823,15.910317
12.4965963352,39.14037976515,14.313548
12.5431611447,39.14912694001,14.780153
12.52473476567,39.17346563208,12.781713
12.44672416951,39.12476390106,15.215403
12.43279861776,39.17178826267,12.610521
12.49273107666,39.22579687201,15.708569
12.50039280358,39.2331459718,15.550572
12.4816936983,39.23567281053,11.847708
12.6598870156,39.10994845144,15.520641
12.64917879758,39.15337570817,15.601453
12.70371460838,39.12150612553,13.478196
12.7300558729,39.17414880261,9.674677
12.68328578841,39.15348926646,10.322332
12.6776559313,39.16121402647,13.610411
12.68774854161,39.17385784335,15.600227
12.64809901387,39.16827916496,15.35562
12.59853424209,39.16232383387,15.314692
12.62012066576,39.17505493068,14.727544
12.59634017754,39.17996333072,15.921891
12.60154707035,39.19531454754,15.217852
12.61167358636,39.19527227835,15.165972
12.61725842239,39.1929106153,15.746882
12.68948655179,39.20867825041,12.475013
12.67002752203,39.20855220003,14.601151
12.74441923794,39.18245373194,14.78138
12.75620899048,39.20991055657,15.737018
12.76622894526,39.22182258173,15.602911
12.8136152214,39.24078280743,15.621766
12.78196426924,39.28390467252,15.245143
12.69751468481,39.21635176153,15.332908
12.71376725969,39.22546442632,14.344333
12.68733663001,39.24106176118,15.166589
12.67177679706,39.26125924715,11.753111
12.70537046988,39.27318875626,14.429495
12.68757100516,39.28373167987,15.033397
12.75429981383,39.26973554436,13.175514
12.77442031259,39.30939796955,14.585219
12.72244458288,39.32946435121,15.800506
12.74003107883,39.32981640535,15.530085
12.55213179806,39.18567584688,14.586361
12.56868620661,39.20510935774,15.603209
12.59395908773,39.2070757641,13.915641
12.59241404364,39.27186103778,15.916339
12.61724231407,39.28217541174,14.911473
12.5055745267,39.24414598529,13.476584
12.49610179762,39.24374151906,15.651626
12.48275692611,39.25655146728,8.439125
12.49110307686,39.26554790099,15.664146
12.56537065707,39.35065399674,15.529385
12.65510857662,39.26454572405,14.94597
12.65239732425,39.30119292865,13.987613
12.66866232757,39.30459249375,15.936443
12.70136588581,39.31044148141,15.664435
12.70968775277,39.31864234558,15.882584
12.71961881271,39.37461317513,12.634919
12.60214263006,39.32586251764,14.187383
12.63663575303,39.37231592894,14.496736
12.57441142488,39.36084016447,12.936773
12.60105605537,39.37240507727,14.319646
12.66667499182,39.37379907554,15.599331
12.67972404443,39.39516366784,15.18822
12.64041986585,39.40108192586,15.679844
12.62757098807,39.40311158744,13.837426
12.65002137768,39.41546600994,14.352944
12.64460877944,39.43529961383,14.222377
12.99376135488,39.09693479533,15.436722
13.04356835382,39.1526566096,15.720949
13.08649692956,39.16386703476,14.992782
13.02574063885,39.14640305208,10.531232
13.05244870696,39.17065264768,13.563455
13.06441632274,39.18585381736,14.731524
12.95674293507,39.13370578218,14.841671
12.99072122953,39.15989198258,12.901503
12.94827624814,39.16953465326,12.367495
13.02781043964,39.20057235794,14.15583
13.02192544784,39.22415040819,13.92732
12.99326276973,39.22966140646,13.084785
12.99068491752,39.23806565769,14.231855
13.0088148458,39.23711192841,13.482283
13.09037759416,39.18355404563,14.868233
13.0990972091,39.24623829384,13.047599
13.13346823785,39.21943816316,14.171054
13.15404600812,39.22720688383,15.932536
13.15513765867,39.25319714858,15.076967
13.10944924383,39.25518405988,14.165873
13.14647158262,39.27003925852,15.977819
13.03988095304,39.22300479243,13.54924
13.05044598954,39.25053976424,14.863691
13.05931581805,39.25225766116,15.519721
13.07971169268,39.27411336999,11.217796
13.05258027151,39.27982909536,15.778187
13.03302619432,39.28519396364,15.230322
13.10832415937,39.29899675473,15.304235
12.91971453864,39.20311895394,15.087734
12.94620721091,39.20102028419,14.213944
12.95924646118,39.20552350994,14.030184
12.96923183385,39.24935438598,13.933671
12.94267029876,39.24762746726,11.472655
12.96288759978,39.25713229602,15.645724
12.93066696768,39.25510959622,15.839825
12.94863151218,39.28832777353,14.246055
12.86382265173,39.22534766102,14.257657
12.91663332651,39.26073307541,12.927069
12.90989307733,39.27494739115,15.199819
12.91621670309,39.28513218819,14.011699
12.91716747391,39.3001332682,15.388907
12.94304604424,39.31686074359,13.48668
12.92212161416,39.33558830506,15.759072
13.0083691161,39.2764899288,14.882764
13.02860363064,39.28957449505,15.473996
13.04112813703,39.31472150499,13.748994
12.97848667392,39.31195108573,15.256545
13.01872145686,39.33117913108,12.022157
13.03953919535,39.32082227816,15.516802
13.07565087509,39.33693650398,15.574513
13.09116501818,39.35441512711,14.805167
13.05907828127,39.34714027711,14.367261
13.06368326238,39.36092206159,14.083269
13.06575432975,39.37587788548,12.761496
13.06301513004,39.3804428845,14.994656
12.95411879337,39.34127623989,14.43672
12.96553602918,39.35584126524,14.906673
12.94323224102,39.35048595868,15.108944
12.94350602582,39.37133562307,15.306852
13.03140019473,39.38131902968,15.738279
13.01288434295,39.41510114268,13.149614
13.21424177353,39.3013790939,14.3351
13.17137652335,39.31849083919,12.844905
13.15522350375,39.31955700743,15.162955
13.22977706464,39.33983174301,14.261265
13.24632394362,39.35760352594,15.317472
13.13443115055,39.31558893929,14.764391
13.13072111194,39.32881267664,12.563969
13.13913569658,39.34349754182,13.821167
13.16107555117,39.41295671716,14.891196
13.18742663399,39.4281274919,15.400225
13.17063017851,39.43467996251,11.156347
13.26383185367,39.36598584634,15.118692
13.28123473862,39.38618886438,15.270354
13.28198414221,39.38900387123,13.66616
13.25386097147,39.37878116282,15.019422
13.27073826494,39.39042919075,14.821005
13.29637767779,39.39374417623,15.883148
13.3116390983,39.40308950857,15.822508
13.23758803293,39.39715112914,12.263053
13.27284854764,39.41086020065,15.205794
13.2818894118,39.4182399847,14.815931
13.31598333285,39.43140665997,14.626781
13.33813464218,39.42927639863,15.65894
13.30509673042,39.4412507698,15.597785
13.30832786619,39.44691828894,15.648372
13.29978673709,39.44837138762,14.540198
13.32834226176,39.47461860752,15.915923
13.23292426394,39.4664009531,15.213026
13.3058662842,39.50448716045,14.251851
13.24006881895,39.50655687588,15.915852
13.25185488616,39.50411697264,14.629128
13.12887450786,39.40838416779,15.698796
13.07277972668,39.39883150155,15.975204
13.14654059707,39.41342258902,15.798643
13.14924770494,39.41741339525,14.031412
13.16470723166,39.44112963745,13.927284
13.15696581154,39.4470137693,15.883146
13.12838635284,39.47177659987,14.783266
13.12497309992,39.47658174626,15.03918
13.08053439998,39.45758643341,12.495281
13.04176135971,39.47317083623,15.471422
13.11288160238,39.47421443138,12.517551
13.1020897599,39.49656493473,15.141852
13.10673941688,39.49943173297,9.963783
13.10813936069,39.50145994111,11.302295
13.08807742979,39.49454593927,13.785215
13.16869124243,39.47971709898,13.42149
13.17834382049,39.49036433527,13.516814
13.183074343,39.49146620431,14.888317
13.2025724726,39.48759684942,15.327148
13.16583700872,39.49829652382,15.897003
13.15918978463,39.50979838756,12.433026
13.19822480233,39.52327448366,13.29219
13.17482843387,39.52452049107,15.005029
13.23428452798,39.52543207031,14.284668
13.15214153643,39.5189526073,10.859194
13.16944639156,39.54116537524,9.157534
13.15130491897,39.55337700784,15.849407
13.16327507935,39.55595270401,13.703712
13.12667996608,39.5508163015,13.957947
13.10848155651,39.54103907455,15.674132
13.13395107229,39.57779365946,15.867945
13.20122279776,39.58589978139,15.292548
13.20110811863,39.6088599839,14.947234
13.16993273151,39.58838149731,14.243409
12.83879625625,39.27213803026,15.441686
12.87344094402,39.3058570154,10.954416
12.85476528645,39.32582826078,14.676235
12.81578915237,39.29934224493,15.011578
12.8150841479,39.30234624186,13.461326
12.80026999704,39.30952332793,14.398028
12.87403567224,39.32146955411,13.054456
12.89073852582,39.34271494621,15.586453
12.86435165578,39.34966250897,15.940347
12.81177255078,39.36075650208,15.227325
12.77233799749,39.34848233705,15.587832
12.75824670225,39.35512216875,12.01553
12.78491793341,39.37223954105,14.646976
12.83004145454,39.36490294387,15.369517
12.81477092173,39.3753355854,14.44772
12.80729926256,39.42370683281,14.548885
12.81873254241,39.42082198811,14.952714
12.82235006739,39.42894035167,11.190212
12.93382396701,39.39277177463,14.807256
12.90397044055,39.42422668665,9.133634
12.90407248103,39.4243906688,11.007224
12.90299363718,39.42580677486,13.252848
12.90654174845,39.42898198845,11.252786
12.92170473318,39.44873017075,15.148813
12.9857109617,39.45271917042,14.609247
12.95185599083,39.4804900673,15.096702
12.8575734236,39.45957692947,15.851287
12.87411196708,39.46200171824,15.226652
12.92668373982,39.48480857017,15.348144
12.95772690137,39.49992071433,13.832545
12.9235974039,39.50874139904,14.6933
12.75652116633,39.3787449777,13.853371
12.74368496413,39.37838489527,13.478526
12.74857561929,39.39677259237,15.267251
12.78644394666,39.40087833162,14.638168
12.75216598915,39.39912079941,15.174857
12.72073736363,39.38716079388,15.17815
12.72933826387,39.39284051864,11.1461
12.74466001796,39.41144960085,15.713654
12.76505061674,39.42640057339,14.961655
12.79053923935,39.42034593868,12.891329
12.80749040157,39.44702275889,15.720943
12.74737610559,39.4506102225,15.931369
12.72223089177,39.44280511612,15.03685
12.71761172978,39.45316836941,15.856736
12.70784908297,39.45203317496,14.903508
12.68397800072,39.45551771788,15.599866
12.67460063938,39.45656956979,15.527625
12.70726881221,39.46975530999,15.590444
12.69384856539,39.47578894297,13.304394
12.86382569389,39.49915688002,15.593349
12.86804465126,39.50560539957,14.682079
12.82226244834,39.51081756297,15.529503
12.86350816301,39.52456439762,14.56884
12.89440504566,39.54760697596,15.388543
12.85402360789,39.52860977258,13.032503
12.85638076137,39.55292361705,15.04662
12.86437662231,39.56590829719,14.554577
12.79491674919,39.52718111611,12.326965
12.81029295837,39.53142621916,15.262342
12.75186711841,39.54129567403,14.959554
12.75777498681,39.54836844502,14.500423
12.82769640022,39.57899243686,14.354292
12.80976922134,39.58627386829,15.623876
12.98802311435,39.47591015663,14.521201
12.98977348055,39.49705022123,15.953288
12.98867499969,39.49962960009,14.108616
12.97131187833,39.49439228631,15.400598
12.98208926145,39.50115250517,15.35478
13.03415921165,39.52350678598,15.490534
13.06887079562,39.53344997254,15.919304
12.95660970455,39.51065810538,14.961734
12.94797770393,39.51733831439,15.926178
13.00273290809,39.54592781613,13.871346
12.97416371562,39.53640024424,14.186345
12.97910029751,39.5562525213,13.781837
12.94655770731,39.53138243044,15.357842
12.95516815177,39.54683040096,15.107978
12.95366336619,39.55443099952,15.465166
12.94445647469,39.5712600434,13.444105
13.02341018169,39.56742302712,15.228498
13.02297167573,39.56838875942,15.715414
13.00375731634,39.5690217599,10.535933
13.0071083401,39.581954851,15.178382
12.99300144412,39.60655672584,12.870595
12.99632830133,39.61077647225,15.664313
13.11164917867,39.5935560504,13.590491
13.14987309293,39.61295212693,15.968857
13.15170077185,39.63039671844,15.296571
13.15822422259,39.65534399826,15.853926
13.15767662862,39.65666687382,14.196326
13.13669908678,39.65746865161,15.918611
13.01992197729,39.64110868436,13.079473
13.06369650572,39.66248784358,12.290199
13.08717611874,39.66801930907,14.826077
13.08900099634,39.68355913511,13.031583
13.10381259501,39.70043976824,12.964275
13.07825587732,39.68279883151,15.819716
13.07951525758,39.71149803971,14.249247
12.92839612712,39.56559806575,15.279806
12.93831481098,39.60079802521,14.141644
12.89828097207,39.58446525369,14.165704
12.87698044766,39.59510329868,15.845139
12.91406334011,39.63203947683,15.175274
12.97135834585,39.61333515513,15.483862
12.97785640831,39.62166568036,15.734386
12.95814693145,39.6313588776,14.692267
12.92528712038,39.64515791553,12.392194
12.94132838327,39.65600008659,13.227082
12.96319890309,39.67731196053,15.440436
12.87550939574,39.59912336013,15.001644
12.85325655302,39.64927279278,12.532181
12.90308193037,39.70649246888,14.991797
12.90942486506,39.71133164968,15.762225
13.00436568,39.6826955621,15.430652
13.04328067188,39.69892823389,14.953581
13.00364089713,39.71653622649,14.903987
13.04366131307,39.72056953302,15.529761
13.04031946442,39.72900681622,14.947228
13.02799707818,39.75202749473,15.889902
13.02489118514,39.75550552139,15.372587
13.0300540682,39.75520811497,15.510706
13.04610173464,39.75581738268,15.506986
12.9637238366,39.70213298208,15.619543
12.92903082874,39.74507878827,13.824555
12.93936186088,39.76019283019,15.642431
12.95094852962,39.76677469385,15.016754
12.96212893565,39.77119444765,15.893356
13.02359655782,39.77042723583,13.566126
13.02959037943,39.77497960723,14.979522
12.30218170193,39.07547576328,15.620227
12.27886778314,39.10773443205,15.487783
12.30529435814,39.11564616513,15.484762
12.30931637173,39.13271273478,15.902587
12.29447908299,39.14803741681,13.554709
12.33370123427,39.14175845153,14.293207
12.37313766265,39.14444212725,15.989742
12.25830010576,39.12036253792,14.991513
12.29783549951,39.2118722117,15.064869
12.27662642935,39.21221436843,13.204128
12.30159902863,39.23175265523,13.377654
12.38842883811,39.18162472098,15.675144
12.4196403667,39.19186994209,14.691882
12.42021455677,39.19203673253,12.366804
12.41799366139,39.22453338101,15.502619
12.44702250113,39.29084569322,15.327076
12.43144242893,39.28713926136,15.641499
12.43562040297,39.30428750692,15.768056
12.34726000715,39.24047377399,12.488641
12.31803198887,39.24692237232,14.606185
12.36473183518,39.32193088196,15.777591
12.24790376525,39.19682204121,14.518276
12.19702912184,39.22173960845,12.470051
12.19484659233,39.22378449971,13.941837
12.22286527604,39.24252116864,15.695197
12.22147470863,39.2471190194,15.872688
12.27574579355,39.25441256824,15.751804
12.23370093325,39.24966538408,15.608233
12.24664614843,39.24932376909,12.624116
12.24602654025,39.25451751186,15.643769
12.26067299903,39.2942715728,14.576227
12.18001702831,39.23097093498,15.889059
12.17610520362,39.23414970014,15.464031
12.18809680855,39.25726189252,14.777705
12.18213781991,39.27313196947,15.434136
12.21891561107,39.27393570505,15.074722
12.25648771963,39.30357226084,15.475406
12.2286046981,39.29499348886,13.989991
12.23141005249,39.31874007438,15.733653
12.19925111187,39.29548251373,14.642398
12.18449540042,39.29742335143,15.771089
12.19472026528,39.32778039113,13.567205
12.32988697476,39.28813703271,15.459653
12.32494485451,39.28753820248,15.224913
12.3510515637,39.32923017124,15.149751
12.36984864499,39.34725923079,15.858142
12.33850652221,39.34382459113,14.191406
12.33962905904,39.34478470905,15.14626
12.31191621436,39.35717379622,12.388876
12.36078672004,39.37269108121,15.320572
12.34109280805,39.38052645801,15.092933
12.24872298294,39.32739273876,15.79919
12.26541887168,39.34851916455,10.410797
12.3126531776,39.378229659,15.184585
12.30165900964,39.40175184,15.084291
12.29135656245,39.40546019402,14.597942
12.29340529347,39.40782769179,15.995605
12.28000263041,39.40742820127,15.506
12.30691320172,39.41880410366,14.255959
12.31918468482,39.43110095065,14.384193
12.4737689518,39.27681084341,13.324577
12.49269378632,39.29974422239,10.99653
12.45489771432,39.30636722644,11.418872
12.4482617251,39.31265100352,13.790843
12.44849822845,39.31261803008,13.082741
12.45866690068,39.31808252483,15.838554
12.52445108596,39.32768264277,15.181586
12.54251630686,39.32770303419,11.786512
12.53326776232,39.35537298411,14.150645
12.52916266118,39.39638712155,10.888035
12.52542377589,39.39974659061,15.067968
12.44510913918,39.32283752271,12.959716
12.43097267346,39.3374902434,15.576014
12.46373576763,39.35965392729,14.874806
12.4185984051,39.36433155334,14.728932
12.44629609019,39.37146313986,15.747272
12.48532695022,39.3607712145,13.631063
12.47090316617,39.36610245519,14.765621
12.48508204322,39.37173218462,13.386476
12.46922861145,39.40980864247,15.985641
12.47884270273,39.41535895142,12.720764
12.56562755543,39.36320387022,15.10035
12.57485898025,39.36518468253,14.854927
12.56436914929,39.36512666894,12.499348
12.57537015715,39.40430412224,13.903872
12.58477108061,39.40968258964,15.61331
12.55872983049,39.39476119925,14.750778
12.5565919421,39.40617010474,15.657023
12.57061320885,39.43259123614,15.918073
12.63072344683,39.43943161195,14.434184
12.6256897863,39.45054418617,15.402598
12.58821794837,39.46737382408,14.659528
12.55893246093,39.45041824204,14.203016
12.59509600674,39.48985648885,14.788726
12.59389518591,39.49795270023,13.60888
12.58769531173,39.50400406784,12.739221
12.55734940116,39.49565000223,15.181175
12.53600717616,39.48987191575,15.330124
12.56302601606,39.51923315134,15.468307
12.57453380034,39.53953684456,15.988981
12.56713015865,39.54473995257,12.447675
12.41566074493,39.39568985339,15.53072
12.3679778765,39.39535407768,13.557482
12.4440119631,39.43120927828,15.325972
12.45156292239,39.45000111654,15.117151
12.45349211665,39.46555668888,14.833489
12.40861265138,39.45158233992,14.215498
12.34291800553,39.43088255752,15.657745
12.34879884442,39.43621993628,15.618373
12.35988990403,39.44060302403,13.625739
12.33237180138,39.46644392641,15.966887
12.32009362383,39.46352044094,14.438401
12.35008606482,39.47169181578,13.76645
12.36102629862,39.49258740137,12.724263
12.35560031174,39.49805429534,15.930933
12.41169763808,39.52469942202,14.257438
12.46891787931,39.46826118229,15.317961
12.51244684135,39.49972128369,13.094983
12.46065846672,39.49628913907,15.846466
12.45590615051,39.50378194276,15.673328
12.47652868934,39.52195703167,12.996139
12.47664746678,39.52754188522,13.142214
12.50586608343,39.5241334525,13.807398
12.52773656168,39.53016505851,13.335929
12.45138477811,39.51922409524,12.9336
12.4546238472,39.54031045776,15.390884
12.45301355773,39.55006623957,15.044182
12.44913472105,39.57677440578,15.82778
12.46451168279,39.57340249658,15.57997
12.50704063803,39.58817199911,13.601823
12.49043493624,39.59212156879,15.351184
12.49827664376,39.59326398892,12.778532
12.1394408523,39.27699823275,15.853024
12.13421289579,39.31901094143,13.28311
12.11524759577,39.33100155126,14.237891
12.12459339022,39.34184228139,15.069987
12.19115766343,39.3495464787,12.072048
12.1928664736,39.36732303445,15.079702
12.16322550478,39.37903451067,14.984103
12.07545414432,39.33969387145,14.971396
12.09769564288,39.34053163059,15.692225
12.11103882261,39.35390838209,15.425737
12.11197789602,39.36187676326,13.933584
12.06550036884,39.35852580703,15.893547
12.0886447712,39.38478039038,15.697643
12.16478501602,39.40708712286,15.944881
12.10013620342,39.4026422543,11.674386
12.10203931519,39.40612443208,11.72858
12.09964909492,39.4064326988,10.076567
12.13008461143,39.42500477308,13.442928
12.2257828486,39.38678109017,14.758101
12.21616359893,39.38203397977,15.951015
12.22100049641,39.38440805681,14.400412
12.23728206341,39.42749461009,15.702181
12.19878296343,39.42945667917,15.443345
12.27068381278,39.4258858804,15.239296
12.25514065741,39.42993973066,14.85474
12.29300385444,39.45260082968,15.923405
12.2351460416,39.46858741921,15.842629
12.25620279005,39.47312395128,11.232649
12.25639777358,39.5002003434,11.764138
12.21897207714,39.50968139178,13.848875
12.03800495286,39.44754208508,14.883891
12.10706674276,39.43194698484,11.195852
12.06037480428,39.45534085432,12.727914
12.0854387344,39.47399070358,14.215428
12.09734025017,39.46682263371,14.031298
12.01486355009,39.48959195422,14.553244
12.03374732451,39.52656000202,15.032377
12.14226166138,39.49256157529,13.515863
12.13283304214,39.50125002915,15.676329
12.15282446286,39.50234083888,14.869181
12.15603663431,39.5102842914,14.654087
12.09982305629,39.50537195517,14.107358
12.12282289019,39.51534586945,11.27235
12.12839795517,39.51675541926,13.388317
12.19965757848,39.5289256533,15.38531
12.16267211537,39.56567267222,12.227406
12.08158048115,39.52315164015,15.644033
12.10979367241,39.55247437634,13.984977
12.06273811221,39.5411372017,15.522908
12.04663021513,39.5512291704,15.120549
12.06604150014,39.55595463856,14.019998
12.09258075116,39.55621257817,14.510176
12.09317289669,39.56930090208,15.673401
12.12497991505,39.55453532968,11.70784
12.15013263425,39.61382015974,14.108825
12.11869343725,39.5888706526,14.914986
12.11325949462,39.60504137629,15.257329
12.31125599721,39.46602498823,15.598551
12.29512535692,39.46202409055,13.230661
12.32088082991,39.48052341322,9.388224
12.29409902233,39.47845307042,15.677883
12.33647366506,39.49870632293,14.138303
12.29633791856,39.49708015633,14.59943
12.34979798211,39.542295381,15.29707
12.32672275239,39.54267040256,10.756888
12.27387211851,39.54925236751,12.500947
12.27024837374,39.55100708277,15.815302
12.22961132718,39.54347550472,14.88391
12.30621908123,39.56535100491,14.173933
12.31265378767,39.57128287572,13.399429
12.31652398872,39.60042568479,14.577567
12.31718053972,39.60820137666,15.718847
12.29595681667,39.58877957015,15.092792
12.41756288825,39.58122493892,14.266916
12.41870324237,39.58938049921,15.920217
12.41615324467,39.61556868908,14.444037
12.41701037294,39.6151774589,15.71338
12.3724643588,39.61059448716,15.4262
12.43227047797,39.64296903085,13.201094
12.41637370554,39.65179291554,12.585758
12.35825820193,39.61487078461,12.517447
12.35555390631,39.62648240562,15.614339
12.36677443372,39.62615240399,14.452914
12.37225206709,39.63172543968,15.864742
12.36121667193,39.63779539412,11.546599
12.32861071182,39.66284261602,15.139396
12.32886646945,39.66266701896,15.026005
12.33436471013,39.66290700799,15.916904
12.34550449706,39.66791966283,15.726506
12.40150703321,39.65680196065,15.362066
12.38209538501,39.66505343715,14.087574
12.38522031864,39.72491051635,13.637922
12.22801299203,39.56209398823,15.119689
12.22458794407,39.57775806104,11.171834
12.20797272692,39.58482303267,15.989855
12.20734758383,39.59995178262,15.516171
12.20771905693,39.6020111,15.566158
12.18097936864,39.59095044219,14.316464
12.22878749211,39.63573689984,14.509247
12.23282951435,39.65995581669,15.038084
12.16840354877,39.60088316355,15.579462
12.17283202915,39.63919931086,14.681491
12.17927670733,39.67884366641,13.438405
12.22444816889,39.67482632104,15.354148
12.22412480918,39.68472951916,15.974037
12.20742785887,39.7052346018,15.924848
12.20821243348,39.71879371112,12.0029
12.3180061459,39.70311683783,13.728624
12.29112278355,39.70722524761,15.662119
12.28875717602,39.7228191989,14.027402
12.33986491588,39.71708142282,15.914068
12.37313881194,39.74716456314,15.26164
12.33923560548,39.73912606998,15.060681
12.33801326656,39.75332225744,15.520681
12.34684196161,39.7621577858,15.42652
12.28952805698,39.75421495562,15.111444
12.24346888016,39.74546818719,15.928618
12.26221624908,39.76034375989,14.612136
12.30175635154,39.77057535504,14.667875
12.32193493242,39.80846843836,10.857287
12.27990003033,39.77655632769,15.075563
12.2777386898,39.78820565118,14.397473
12.30343541593,39.81339061128,15.833741
12.29065457856,39.82247120927,15.772151
12.67302206664,39.4696896492,15.301168
12.6856364032,39.48705567179,14.905911
12.65166949948,39.5009243083,15.974142
12.62310598713,39.50561050331,15.745891
12.69953312939,39.51807006479,15.921181
12.70880346178,39.53471547853,15.384688
12.7235735047,39.53178217753,14.891087
12.73068500069,39.54272151168,13.574695
12.74286247909,39.54713694482,15.712443
12.67615859999,39.52837577688,14.583656
12.71585725991,39.56940051937,15.748044
12.68775543417,39.5706350199,15.75892
12.62907462089,39.55015838668,15.961791
12.60208285228,39.54002013484,14.240699
12.57366490285,39.54810567763,11.311758
12.67613095119,39.5750640122,15.787688
12.68630130169,39.58305095052,15.099201
12.69645319172,39.59357933121,14.470037
12.73097344862,39.56971519521,14.140918
12.7506570834,39.58839806729,10.443667
12.75950928395,39.59227221041,12.658186
12.74733203543,39.59715303749,12.803772
12.72549787903,39.60825777985,14.379527
12.73857857738,39.63302648974,15.955508
12.78675104861,39.60013435235,15.949597
12.75784612184,39.64176419858,15.387431
12.76602999004,39.66016792714,15.322993
12.69703340552,39.61474016538,15.605088
12.70735508576,39.62879258571,15.426668
12.73642918664,39.64813332199,15.587603
12.68834352196,39.65889946429,15.550344
12.7548589436,39.69726787768,15.830472
12.73376617723,39.70888171586,12.872668
12.59055805788,39.58431867196,14.816156
12.52713270002,39.59650199992,15.931141
12.61252184879,39.60352023921,15.171382
12.61257979351,39.60967608215,14.492626
12.61657994458,39.67455471241,14.27184
12.53631952912,39.61014185112,13.221157
12.51744404977,39.61844192571,14.224628
12.53312775133,39.63338292324,14.699951
12.51898646929,39.62678615197,14.871525
12.53965858021,39.65616001797,15.822683
12.5676106438,39.67127380826,14.854445
12.5712077405,39.68015012131,15.367817
12.59062995037,39.70311815332,14.739238
12.53931626443,39.68593455949,15.968383
12.55119039908,39.70613320788,11.17432
12.65227057634,39.66220504267,15.373639
12.66708512666,39.67280558779,15.568213
12.65390147617,39.67519331679,15.566075
12.63377038751,39.68223189466,15.421651
12.6834175104,39.72959078142,14.325119
12.68404465669,39.74068747983,15.864755
12.69191657292,39.79884923272,15.884831
12.6624797055,39.79841075794,15.964445
12.85144718912,39.67991887474,15.957341
12.85003146363,39.70859040726,15.651894
12.85645334249,39.71422753097,13.887842
12.81788338474,39.72432331883,14.770617
12.81787600233,39.72485876197,15.608624
12.89342939311,39.73642542437,13.940455
12.88782173212,39.75936856788,14.215665
12.79778328255,39.7046586143,14.811211
12.78348260237,39.72134180816,14.270578
12.76783970382,39.75681448547,13.874043
12.83396184035,39.74896354479,15.980332
12.81799148238,39.76689870754,14.732992
12.81197827452,39.77130406972,14.340222
12.81025681102,39.81420854051,15.096021
12.82542967376,39.82052372967,15.851544
12.92166504346,39.76119337761,15.056713
12.91304767938,39.76234994052,13.535099
12.94996808462,39.78202337177,13.53096
12.93621304193,39.80206120815,14.113364
12.93638920328,39.8022098403,13.497678
12.9157548049,39.81533557908,14.944481
12.92006482836,39.81616591545,13.925158
12.97264055258,39.81217935707,13.819413
12.91292963562,39.83398856072,11.641268
12.85249868269,39.83617638096,15.024621
12.86224435937,39.83194837054,15.360026
12.89068457254,39.86688133508,15.945416
12.87851611579,39.87456964804,14.829536
12.87316269368,39.87501144878,13.642601
12.88778869447,39.88577750839,14.172881
12.89509617885,39.89310120369,13.963829
12.90538887683,39.91493046969,15.193481
12.73385320874,39.75919683928,15.398897
12.717043046,39.79972014522,15.824994
12.74521266693,39.7910801522,13.439069
12.75580431373,39.81114434153,12.621457
12.82023866796,39.84396259936,12.214952
12.81035815301,39.85295075905,13.733333
12.78370408334,39.87329742968,13.68142
12.72121321289,39.81724400949,13.375848
12.73249777016,39.83289630017,14.293958
12.71882982442,39.85607097211,10.460626
12.67989630381,39.82085281023,11.052253
12.75729726816,39.86143418406,12.381762
12.77559765116,39.88369400957,15.726604
12.84499675861,39.86836538136,13.910759
12.82162288571,39.87078931547,14.91654
12.81462882273,39.91442772222,15.78
12.90143221082,39.92525283856,14.502764
12.90038112746,39.93716824824,15.377902
12.85592391839,39.9221911397,15.946662
12.79185761973,39.90026745301,12.816538
12.80603550585,39.9127257091,15.25122
12.79015355807,39.94247249843,15.69216
12.85379547487,39.97318899755,13.182543
12.85392712293,39.97618980238,15.156633
12.85972393966,39.99705849703,15.43715
12.49423111834,39.67825127045,15.82316
12.50255511476,39.71653147379,12.68204
12.49757195892,39.71310736039,13.182241
12.55314931765,39.74734817413,15.339368
12.5360460622,39.7621205638,15.042584
12.45624263279,39.72044031286,15.308086
12.4165861242,39.72644868621,15.88207
12.41668369079,39.7263601803,15.829135
12.42181111066,39.75680299817,11.311808
12.40746656598,39.75007206956,14.631978
12.46690306036,39.77884015829,15.543072
12.47393528277,39.80767551052,13.960509
12.57821908155,39.76385206915,15.067032
12.57001649616,39.77602700857,13.924832
12.5708945756,39.78781080787,13.603314
12.55627248598,39.79338977479,13.907834
12.55838085654,39.79458483949,13.513519
12.54487348637,39.79464987637,14.768044
12.57160003866,39.81583537512,14.921261
12.60301522825,39.80968890486,14.085574
12.65567218492,39.83832400454,15.238846
12.58598868712,39.83537590383,14.04334
12.52637165742,39.82920952222,15.444833
12.5535701611,39.84712793753,15.995895
12.51752018368,39.86355220641,15.756135
12.55537596549,39.87828821049,14.86935
12.53334032038,39.89313834961,14.976546
12.57485331283,39.8986235498,13.966496
12.39685744959,39.74843950961,15.01012
12.41171683842,39.813215089,15.58005
12.45644146983,39.84618427442,15.433899
12.40774617792,39.84344000463,12.827735
12.40234758289,39.84351090131,15.339519
12.34646807594,39.81038017491,15.429982
12.33930404561,39.8260708373,15.442742
12.37111634778,39.83194025466,12.259627
12.34257045346,39.83907645684,14.42814
12.34026687964,39.87110725781,14.263129
12.37822093039,39.88533081077,15.912644
12.40416692547,39.9220383554,15.761575
12.48689614487,39.84987540755,15.031605
12.48540253755,39.87957048366,15.891411
12.49242527131,39.88249627347,15.24957
12.48849545371,39.90594478586,12.62511
12.4832443422,39.91052754676,15.893978
12.53055647128,39.89847300895,15.979566
12.53568792392,39.92159285719,13.593318
12.51572967272,39.90791131686,14.600075
12.56336914333,39.93041695608,12.600563
12.43913579044,39.90791621937,13.899144
12.43388852145,39.91557294893,14.988998
12.40869969809,39.92965356988,13.019414
12.49979749323,39.95768385485,15.128134
12.47157002899,39.95810787174,15.863214
12.50745694042,39.97151064417,13.454556
12.50415006633,39.99645113372,10.892411
12.47769223428,40.01283840441,12.417652
12.6507423261,39.88679543345,15.261042
12.64865424902,39.89489850128,15.332
12.7222643083,39.95678640619,13.851589
12.66213194739,39.93542813735,13.95644
12.67118888473,39.94463742822,15.118958
12.68850354969,39.95487484121,15.913527
12.59129193755,39.92296186346,15.965274
12.60066156885,39.9459306869,12.253317
12.62521799971,39.9527393765,15.652708
12.6277293134,39.96585905946,15.799068
12.67788113054,40.00629522645,11.774179
12.66208932437,39.99439358715,15.767539
12.77817821818,40.00194430967,15.686826
12.78919595909,40.02340930838,15.197486
12.74888423035,40.0355722512,14.496642
12.76980144311,40.03726045355,15.907029
12.76284423836,40.049661877,15.148561
12.69610128887,39.99784932988,13.158195
12.69834020803,40.00364346782,15.341454
12.72845598491,40.022934039,13.577497
12.71515191585,40.02162622831,13.955324
12.70663126155,40.02813921584,15.169972
12.66586778036,40.03768426383,15.837944
12.7180301016,40.09520444523,15.590621
12.75354285562,40.09260735074,15.70991
12.73635770743,40.09539947664,15.916143
12.75636706649,40.11058304414,14.779612
12.59231588568,39.99201411448,15.457418
12.54727194489,39.99075807112,14.490579
12.58687808379,40.00688962216,14.122351
12.60565156395,40.00802492423,15.076989
12.61837401151,40.02486292608,13.804288
12.60618807708,40.06186552768,13.91842
12.4957347707,40.01831448694,15.675885
12.52249253857,40.04231769327,13.252734
12.51385849822,40.0677208216,15.893082
12.5557480814,40.06697956766,14.619577
12.58531510339,40.09906933431,15.762169
12.57650626837,40.10733205263,13.934486
12.64603646726,40.04685831825,15.835547
12.68626808147,40.08282449653,15.882208
12.68293919387,40.0861067603,15.300213
12.64478466033,40.0738918551,15.555928
12.64970649536,40.07893839878,14.946923
12.63086861519,40.09670034936,12.639985
12.65296644573,40.12621277379,15.647337
12.71285025499,40.09895287094,13.228217
12.71954603779,40.11733581928,15.942416
12.70083319132,40.17598975264,15.914971
12.63679952967,40.11645514864,14.578611
12.61776665194,40.14445447895,15.146023
12.61842751642,40.16681947585,15.553513
12.65129926188,40.16100847482,15.810788
12.68747835688,40.17696763803,15.776924
12.63826474785,40.18493109131,12.566212
10.18526816126,38.30217515459,15.790511
10.14147894455,38.33715242526,15.380183
10.09016784253,38.31300202242,12.002437
10.06459343935,38.31619138195,14.51596
10.06468969566,38.3335909878,13.41592
10.06327034847,38.33927273361,14.732257
10.10970358311,38.31115082533,14.312067
10.13057510459,38.36125178804,13.406196
10.10635896849,38.38823404978,14.629797
9.87822507511,38.32717808894,14.556672
9.8938004949,38.33367999926,15.675251
9.91255417753,38.33375418533,14.875692
9.91579778953,38.35390635289,15.549338
10.0119958633,38.32066225685,14.857774
10.04066088809,38.3494385199,15.797635
9.98306220151,38.35569629993,14.9904
10.06340140293,38.37373310912,13.323808
10.07723960098,38.40478371481,11.481518
10.04120798725,38.39455164376,15.31555
10.07099613392,38.42731810539,14.197917
9.98108744198,38.38439090288,15.457259
9.97996532762,38.39523168044,15.052961
9.97362110516,38.39555318501,15.934632
9.96475999545,38.40006081721,13.426101
10.02081989047,38.40263973224,15.000218
10.02238800848,38.41053282847,14.598125
10.02489760937,38.42538826348,15.141271
10.02830889201,38.42479834957,14.804997
10.01509822061,38.46083359858,15.039079
9.787816713,38.34177697624,12.657928
9.78166990117,38.36284375596,15.624674
9.73249042219,38.37028477137,15.394183
9.74322588707,38.36779967369,15.327139
9.74334275278,38.36818965046,15.611343
9.75418511322,38.37048009357,11.210936
9.68705495178,38.37324597196,15.738681
9.65249037939,38.37203807912,11.868022
9.70405121723,38.37699153581,13.993167
9.74589714129,38.39283238309,14.245833
9.71134579951,38.39674964925,14.101325
9.72519988869,38.41706642347,15.388098
9.70318652106,38.43292597535,13.439774
9.61458920219,38.37662977237,11.122857
9.62960254103,38.39162537671,15.884923
9.60998109971,38.38785958312,15.369871
9.62178472676,38.39594589633,15.699444
9.67539990076,38.40607348353,14.095557
9.70005492452,38.43271791288,15.913119
9.66448672638,38.44211815132,15.590994
9.65648111369,38.45432619861,14.063488
9.67266642904,38.45699823631,15.254878
9.85375017879,38.33393222548,15.78579
9.8566377533,38.34560031538,12.359134
9.91916223133,38.38651180791,14.223607
9.86186463338,38.40000097014,13.667247
9.87464693151,38.41174087061,11.93537
9.79297270046,38.39456753407,14.774578
9.7692250749,38.40068356981,10.779057
9.84711423433,38.41214009215,15.020123
9.85885507248,38.46787397257,14.724876
9.84387585391,38.48631441552,11.855106
9.94940636994,38.42638737797,13.620017
9.96848823238,38.43837970729,14.235678
9.91847787811,38.43116762121,14.128871
9.91573956281,38.43745735566,14.095631
9.94754055057,38.47195155228,15.826388
9.98061610955,38.52424564736,9.857525
9.89788128758,38.50879623784,14.268418
